Timestamp,User Count,Type,Name,Requests/s,Failures/s,50%,66%,75%,80%,90%,95%,98%,99%,99.9%,99.99%,100%,Total Request Count,Total Failure Count,Total Median Response Time,Total Average Response Time,Total Min Response Time,Total Max Response Time,Total Average Content Size
1741933566,0,,Aggregated,0.000000,0.000000,N/A,N/A,N/A,N/A,N/A,N/A,N/A,N/A,N/A,N/A,N/A,0,0,0,0.0,0,0,0
1741933567,5,,Aggregated,0.000000,0.000000,N/A,N/A,N/A,N/A,N/A,N/A,N/A,N/A,N/A,N/A,N/A,0,0,0,0.0,0,0,0
1741933568,10,,Aggregated,0.000000,0.000000,N/A,N/A,N/A,N/A,N/A,N/A,N/A,N/A,N/A,N/A,N/A,0,0,0,0.0,0,0,0
1741933569,15,,Aggregated,0.000000,0.000000,N/A,N/A,N/A,N/A,N/A,N/A,N/A,N/A,N/A,N/A,N/A,0,0,0,0.0,0,0,0
1741933570,25,,Aggregated,0.000000,0.000000,N/A,N/A,N/A,N/A,N/A,N/A,N/A,N/A,N/A,N/A,N/A,0,0,0,0.0,0,0,0
1741933571,30,,Aggregated,0.000000,0.000000,N/A,N/A,N/A,N/A,N/A,N/A,N/A,N/A,N/A,N/A,N/A,0,0,0,0.0,0,0,0
1741933572,35,,Aggregated,0.000000,0.000000,5400,5400,5500,5500,5500,5500,5500,5500,5500,5500,5500,4,0,5000.0,5226.815400001215,4976.722300001711,5533.9475000000675,249822.0
1741933573,40,,Aggregated,0.000000,0.000000,5400,5500,5500,5800,5800,5800,5800,5800,5800,5800,5800,5,0,5400.0,5335.500060001505,4976.722300001711,5770.238700002665,249822.0
1741933574,45,,Aggregated,0.333333,0.000000,5500,5500,5800,5800,6900,6900,6900,6900,6900,6900,6900,6,0,5400.0,5591.638400001102,4976.722300001711,6872.33009999909,249822.0
1741933575,50,,Aggregated,0.333333,0.000000,5500,5800,6900,6900,7100,7100,7100,7100,7100,7100,7100,7,0,5500.0,5812.2657428580815,4976.722300001711,7136.02979999996,249822.0
1741933576,55,,Aggregated,0.625000,0.000000,5800,6900,7100,7100,7600,7600,7600,7600,7600,7600,7600,9,0,5800.0,6150.320433334046,4976.722300001711,7568.503900001815,249822.0
1741933577,60,,Aggregated,0.625000,0.000000,5800,6900,7100,7100,7600,7600,7600,7600,7600,7600,7600,9,0,5800.0,6150.320433334046,4976.722300001711,7568.503900001815,249822.0
1741933578,65,,Aggregated,0.800000,0.000000,6900,7100,7100,7600,8700,8700,8700,8700,8700,8700,8700,10,0,5800.0,6405.590360000497,4976.722300001711,8703.01969999855,249822.0
1741933579,70,,Aggregated,0.900000,0.000000,7100,7600,8700,9400,9600,9700,9700,9700,9700,9700,9700,13,0,7100.0,7136.353276923518,4976.722300001711,9675.636699997995,249822.0
1741933580,75,,Aggregated,0.900000,0.000000,7100,8700,9600,9700,9700,10000,10000,10000,10000,10000,10000,15,0,7100.0,7502.160526667528,4976.722300001711,10045.939700001327,249822.86666666667
1741933581,80,,Aggregated,1.000000,0.000000,7600,9400,9700,9700,9700,10000,10000,10000,10000,10000,10000,16,0,7100.0,7638.196250000419,4976.722300001711,10045.939700001327,249822.8125
1741933582,85,,Aggregated,1.300000,0.000000,9400,9700,9900,10000,11000,11000,11000,11000,11000,11000,11000,21,0,9400.0,8292.498266667064,4976.722300001711,10842.818099998112,249609.7619047619
1741933583,90,,Aggregated,1.500000,0.000000,5800,7700,9700,9700,11000,11000,11000,11000,11000,11000,11000,39,17,5800.0,5678.541571795321,345.3806000034092,10945.502100003068,141165.46153846153
1741933584,95,,Aggregated,1.400000,0.000000,5500,7600,9600,9700,10000,11000,11000,11000,11000,11000,11000,44,22,5400.0,5101.5242704551465,345.3806000034092,10945.502100003068,125231.20454545454
1741933585,100,,Aggregated,1.700000,0.000000,5000,7100,8700,9700,10000,11000,11000,11000,11000,11000,11000,49,27,5000.0,4664.360973469935,345.3806000034092,10945.502100003068,112548.83673469388
1741933586,100,,Aggregated,3.400000,1.700000,1800,6900,7700,9600,10000,11000,11000,14000,14000,14000,14000,57,34,1800.0,4331.953557895184,345.3806000034092,13573.236300006101,101212.0701754386
1741933587,100,,Aggregated,3.700000,2.200000,1700,6900,7700,9600,10000,11000,14000,14000,14000,14000,14000,61,37,1700.0,4297.354968852859,345.3806000034092,13855.602999996336,98680.44262295082
1741933588,100,,Aggregated,4.400000,3.000000,1100,5500,7600,9600,11000,11000,14000,16000,16000,16000,16000,70,45,1100.0,4070.5190128575073,345.3806000034092,15820.986200000334,89637.8
1741933589,100,,Aggregated,5.000000,3.600000,1200,5000,7500,9400,11000,14000,17000,17000,17000,17000,17000,86,58,1100.0,4070.2228337213455,345.3806000034092,16741.72859999817,81740.6046511628
1741933590,100,,Aggregated,5.200000,3.700000,1100,5000,7100,9400,11000,16000,17000,18000,18000,18000,18000,94,65,1100.0,3942.8621425536126,323.86359999509295,17781.07910000108,77488.15957446808
1741933591,100,,Aggregated,6.100000,4.600000,1000,2200,7100,8700,11000,16000,17000,18000,18000,18000,18000,98,69,1000.0,3807.0271183676928,323.86359999509295,17781.07910000108,74363.90816326531
1741933592,100,,Aggregated,7.300000,5.800000,950,1800,5800,7600,11000,14000,17000,17000,18000,18000,18000,107,78,950.0,3534.1681532714642,280.6209999980638,17781.07910000108,68188.40186915887
1741933593,100,,Aggregated,7.300000,5.800000,950,1800,5800,7600,11000,16000,17000,18000,18000,18000,18000,111,81,950.0,3584.2324270274116,272.4633000034373,18256.459399999585,68007.32432432432
1741933594,100,,Aggregated,7.300000,5.800000,950,1800,5800,7600,11000,16000,17000,18000,18000,18000,18000,111,81,950.0,3584.2324270274116,272.4633000034373,18256.459399999585,68007.32432432432
1741933595,100,,Aggregated,7.300000,5.800000,950,1800,5800,7600,11000,16000,17000,18000,18000,18000,18000,111,81,950.0,3584.2324270274116,272.4633000034373,18256.459399999585,68007.32432432432
1741933596,100,,Aggregated,7.300000,5.800000,950,1800,5800,7600,11000,16000,17000,18000,18000,18000,18000,111,81,950.0,3584.2324270274116,272.4633000034373,18256.459399999585,68007.32432432432
1741933597,100,,Aggregated,7.300000,5.800000,950,1800,5800,7600,11000,16000,17000,18000,18000,18000,18000,111,81,950.0,3584.2324270274116,272.4633000034373,18256.459399999585,68007.32432432432
1741933598,100,,Aggregated,7.300000,5.800000,950,1800,5800,7600,11000,16000,17000,18000,18000,18000,18000,111,81,950.0,3584.2324270274116,272.4633000034373,18256.459399999585,68007.32432432432
1741933599,100,,Aggregated,7.300000,5.800000,950,1800,5800,7600,11000,16000,17000,18000,18000,18000,18000,111,81,950.0,3584.2324270274116,272.4633000034373,18256.459399999585,68007.32432432432
1741933600,100,,Aggregated,7.300000,5.800000,950,1800,5800,7600,11000,16000,17000,18000,18000,18000,18000,111,81,950.0,3584.2324270274116,272.4633000034373,18256.459399999585,68007.32432432432
1741933601,100,,Aggregated,7.300000,5.800000,950,1800,5800,7600,11000,16000,17000,18000,18000,18000,18000,111,81,950.0,3584.2324270274116,272.4633000034373,18256.459399999585,68007.32432432432
1741933602,100,,Aggregated,7.300000,5.800000,950,1800,5800,7600,11000,16000,17000,18000,18000,18000,18000,111,81,950.0,3584.2324270274116,272.4633000034373,18256.459399999585,68007.32432432432
1741933603,100,,Aggregated,7.300000,5.800000,950,1800,5800,7600,11000,16000,17000,18000,18000,18000,18000,111,81,950.0,3584.2324270274116,272.4633000034373,18256.459399999585,68007.32432432432
1741933604,100,,Aggregated,7.300000,5.800000,950,1800,5800,7600,11000,16000,17000,18000,18000,18000,18000,111,81,950.0,3584.2324270274116,272.4633000034373,18256.459399999585,68007.32432432432
1741933605,100,,Aggregated,7.300000,5.800000,950,1800,5800,7600,11000,16000,17000,18000,18000,18000,18000,111,81,950.0,3584.2324270274116,272.4633000034373,18256.459399999585,68007.32432432432
1741933606,100,,Aggregated,7.300000,5.800000,950,1800,5800,7600,11000,16000,17000,18000,18000,18000,18000,111,81,950.0,3584.2324270274116,272.4633000034373,18256.459399999585,68007.32432432432
1741933608,100,,Aggregated,7.300000,5.800000,950,1800,5800,7600,11000,16000,17000,18000,18000,18000,18000,111,81,950.0,3584.2324270274116,272.4633000034373,18256.459399999585,68007.32432432432
1741933609,100,,Aggregated,7.300000,5.800000,950,1800,5800,7600,11000,16000,17000,18000,18000,18000,18000,111,81,950.0,3584.2324270274116,272.4633000034373,18256.459399999585,68007.32432432432
1741933610,100,,Aggregated,7.300000,5.800000,950,1800,5800,7600,11000,16000,17000,18000,18000,18000,18000,111,81,950.0,3584.2324270274116,272.4633000034373,18256.459399999585,68007.32432432432
1741933611,100,,Aggregated,7.300000,5.800000,950,1800,5800,7600,11000,16000,17000,18000,18000,18000,18000,111,81,950.0,3584.2324270274116,272.4633000034373,18256.459399999585,68007.32432432432
1741933612,100,,Aggregated,7.300000,5.800000,950,1800,5800,7600,11000,16000,17000,18000,18000,18000,18000,111,81,950.0,3584.2324270274116,272.4633000034373,18256.459399999585,68007.32432432432
1741933613,100,,Aggregated,7.300000,5.800000,950,1800,5800,7600,11000,16000,17000,18000,18000,18000,18000,111,81,950.0,3584.2324270274116,272.4633000034373,18256.459399999585,68007.32432432432
1741933614,100,,Aggregated,7.300000,5.800000,950,1800,5800,7600,11000,16000,17000,18000,18000,18000,18000,111,81,950.0,3584.2324270274116,272.4633000034373,18256.459399999585,68007.32432432432
1741933615,100,,Aggregated,7.300000,5.800000,950,1800,5800,7600,11000,16000,17000,18000,18000,18000,18000,111,81,950.0,3584.2324270274116,272.4633000034373,18256.459399999585,68007.32432432432
1741933616,100,,Aggregated,0.000000,0.000000,950,1800,6900,7700,11000,16000,18000,18000,41000,41000,41000,112,81,950.0,3922.0915633932236,272.4633000034373,41424.45569999836,69630.66964285714
1741933617,100,,Aggregated,0.000000,0.000000,950,1800,6900,7700,11000,16000,18000,18000,41000,41000,41000,112,81,950.0,3922.0915633932236,272.4633000034373,41424.45569999836,69630.66964285714
1741933618,100,,Aggregated,0.000000,0.000000,950,1800,6900,7700,11000,16000,18000,18000,41000,41000,41000,112,81,950.0,3922.0915633932236,272.4633000034373,41424.45569999836,69630.66964285714
1741933619,100,,Aggregated,0.000000,0.000000,950,1800,6900,7700,11000,16000,18000,18000,41000,41000,41000,112,81,950.0,3922.0915633932236,272.4633000034373,41424.45569999836,69630.66964285714
1741933620,100,,Aggregated,0.000000,0.000000,950,1800,6900,7700,11000,16000,18000,18000,41000,41000,41000,112,81,950.0,3922.0915633932236,272.4633000034373,41424.45569999836,69630.66964285714
1741933621,100,,Aggregated,0.000000,0.000000,950,1800,6900,7700,11000,16000,18000,18000,41000,41000,41000,112,81,950.0,3922.0915633932236,272.4633000034373,41424.45569999836,69630.66964285714
1741933622,100,,Aggregated,0.000000,0.000000,950,1800,6900,7700,11000,16000,18000,18000,41000,41000,41000,112,81,950.0,3922.0915633932236,272.4633000034373,41424.45569999836,69630.66964285714
1741933623,100,,Aggregated,0.000000,0.000000,950,1800,6900,7700,11000,16000,18000,18000,41000,41000,41000,112,81,950.0,3922.0915633932236,272.4633000034373,41424.45569999836,69630.66964285714
1741933624,100,,Aggregated,0.000000,0.000000,950,1800,6900,7700,11000,16000,18000,18000,41000,41000,41000,112,81,950.0,3922.0915633932236,272.4633000034373,41424.45569999836,69630.66964285714
1741933625,100,,Aggregated,0.000000,0.000000,950,1800,6900,7700,11000,16000,18000,18000,41000,41000,41000,112,81,950.0,3922.0915633932236,272.4633000034373,41424.45569999836,69630.66964285714
1741933626,100,,Aggregated,0.000000,0.000000,950,1800,6900,7700,11000,16000,18000,18000,41000,41000,41000,112,81,950.0,3922.0915633932236,272.4633000034373,41424.45569999836,69630.66964285714
1741933627,100,,Aggregated,0.000000,0.000000,950,1800,6900,7700,11000,16000,18000,18000,41000,41000,41000,112,81,950.0,3922.0915633932236,272.4633000034373,41424.45569999836,69630.66964285714
1741933628,100,,Aggregated,0.000000,0.000000,950,1800,6900,7700,11000,16000,18000,18000,41000,41000,41000,112,81,950.0,3922.0915633932236,272.4633000034373,41424.45569999836,69630.66964285714
1741933629,100,,Aggregated,0.000000,0.000000,950,1800,6900,7700,11000,16000,18000,18000,41000,41000,41000,112,81,950.0,3922.0915633932236,272.4633000034373,41424.45569999836,69630.66964285714
1741933630,100,,Aggregated,0.000000,0.000000,950,1800,6900,7700,11000,16000,18000,18000,41000,41000,41000,112,81,950.0,3922.0915633932236,272.4633000034373,41424.45569999836,69630.66964285714
1741933631,100,,Aggregated,0.000000,0.000000,950,1800,6900,7700,11000,16000,18000,18000,41000,41000,41000,112,81,950.0,3922.0915633932236,272.4633000034373,41424.45569999836,69630.66964285714
1741933632,100,,Aggregated,0.000000,0.000000,950,1800,6900,7700,11000,16000,18000,18000,41000,41000,41000,112,81,950.0,3922.0915633932236,272.4633000034373,41424.45569999836,69630.66964285714
1741933633,100,,Aggregated,0.000000,0.000000,950,1800,6900,7700,11000,16000,18000,18000,41000,41000,41000,112,81,950.0,3922.0915633932236,272.4633000034373,41424.45569999836,69630.66964285714
1741933634,100,,Aggregated,0.000000,0.000000,960,1900,7100,9600,14000,18000,60000,60000,60000,60000,60000,115,84,960.0,5389.72197826123,272.4633000034373,60194.10720000451,67814.21739130435
1741933635,100,,Aggregated,0.000000,0.000000,1000,5500,9600,10000,18000,60000,60000,60000,60000,60000,60000,123,92,1000.0,8953.089026016634,272.4633000034373,60194.10720000451,63403.53658536585
1741933636,100,,Aggregated,0.300000,0.300000,1100,7100,10000,14000,60000,60000,61000,61000,61000,61000,61000,130,99,1100.0,11713.927374615796,272.4633000034373,60525.80530000705,59989.5
1741933637,100,,Aggregated,1.100000,1.100000,1500,7700,11000,17000,60000,61000,61000,61000,61000,61000,61000,136,105,1500.0,13873.725818382754,272.4633000034373,61259.75720000133,57342.904411764706
1741933638,100,,Aggregated,1.100000,1.100000,1700,9700,17000,60000,60000,61000,61000,61000,61000,61000,61000,143,112,1700.0,16146.567930769608,272.4633000034373,61259.75720000133,54535.90909090909
1741933639,100,,Aggregated,1.300000,1.300000,1900,11000,60000,60000,60000,61000,61000,61000,61000,61000,61000,150,119,1800.0,18199.91336200032,272.4633000034373,61259.75720000133,51990.9
1741933640,100,,Aggregated,3.100000,3.100000,5000,14000,60000,60000,60000,61000,61000,61000,61000,61000,61000,157,126,5000.0,20072.515873885677,272.4633000034373,61259.75720000133,49672.83439490446
1741933641,100,,Aggregated,3.100000,3.100000,5400,16000,60000,60000,60000,61000,61000,61000,61000,61000,61000,161,130,5400.0,21068.7820832302,272.4633000034373,61259.75720000133,48438.72670807454
1741933642,100,,Aggregated,4.300000,4.300000,5500,16000,60000,60000,60000,61000,61000,61000,61000,61000,61000,162,131,5400.0,21311.668869136167,272.4633000034373,61259.75720000133,48139.72222222222
1741933643,100,,Aggregated,4.300000,4.300000,5500,16000,60000,60000,60000,61000,61000,61000,61000,61000,61000,162,131,5400.0,21311.668869136167,272.4633000034373,61259.75720000133,48139.72222222222
1741933644,100,,Aggregated,4.300000,4.300000,5500,16000,60000,60000,60000,61000,61000,61000,61000,61000,61000,162,131,5400.0,21311.668869136167,272.4633000034373,61259.75720000133,48139.72222222222
1741933645,100,,Aggregated,4.300000,4.300000,5500,16000,60000,60000,60000,61000,61000,61000,61000,61000,61000,162,131,5400.0,21311.668869136167,272.4633000034373,61259.75720000133,48139.72222222222
1741933646,100,,Aggregated,4.700000,4.700000,5500,17000,60000,60000,60000,61000,61000,61000,61000,61000,61000,165,134,5500.0,22016.247595151908,272.4633000034373,61259.75720000133,47264.454545454544
1741933647,100,,Aggregated,3.900000,3.900000,6900,18000,60000,60000,60000,61000,61000,61000,61000,61000,61000,168,137,5800.0,22694.6729380956,272.4633000034373,61259.75720000133,46420.44642857143
1741933648,100,,Aggregated,3.900000,3.900000,6900,41000,60000,60000,60000,61000,61000,61000,61000,61000,61000,169,138,6900.0,22915.514144379067,272.4633000034373,61259.75720000133,46145.769230769234
1741933649,100,,Aggregated,3.900000,3.900000,6900,41000,60000,60000,60000,61000,61000,61000,61000,61000,61000,169,138,6900.0,22915.514144379067,272.4633000034373,61259.75720000133,46145.769230769234
1741933650,100,,Aggregated,3.900000,3.900000,6900,41000,60000,60000,60000,61000,61000,61000,61000,61000,61000,169,138,6900.0,22915.514144379067,272.4633000034373,61259.75720000133,46145.769230769234
1741933651,100,,Aggregated,1.900000,1.900000,7100,60000,60000,60000,60000,61000,61000,61000,61000,61000,61000,170,139,6900.0,23133.692585882734,272.4633000034373,61259.75720000133,45874.32352941176
1741933652,100,,Aggregated,1.900000,1.900000,7100,60000,60000,60000,60000,61000,61000,61000,61000,61000,61000,170,139,6900.0,23133.692585882734,272.4633000034373,61259.75720000133,45874.32352941176
1741933653,100,,Aggregated,0.800000,0.800000,7700,60000,60000,60000,60000,61000,61000,61000,61000,61000,61000,179,148,7700.0,24987.879175978105,272.4633000034373,61259.75720000133,43567.79329608939
1741933654,100,,Aggregated,0.900000,0.900000,9900,60000,60000,60000,60000,61000,61000,61000,61000,61000,61000,192,161,9700.0,27359.36469739628,272.4633000034373,61259.75720000133,40617.890625
1741933655,100,,Aggregated,0.900000,0.900000,11000,60000,60000,60000,60000,61000,61000,61000,61000,61000,61000,198,167,10000.0,28348.721396970086,272.4633000034373,61259.75720000133,39387.045454545456
1741933656,100,,Aggregated,2.400000,2.400000,11000,60000,60000,60000,60000,61000,61000,61000,61000,61000,61000,201,170,11000.0,28821.330559204333,272.4633000034373,61259.75720000133,38799.17910447761
1741933657,100,,Aggregated,3.500000,3.500000,16000,60000,60000,60000,60000,61000,61000,61000,61000,61000,61000,211,180,16000.0,30299.758448341596,272.4633000034373,61259.75720000133,36960.355450236966
1741933658,100,,Aggregated,3.500000,3.500000,16000,60000,60000,60000,60000,61000,61000,61000,61000,61000,61000,211,180,16000.0,30299.758448341596,272.4633000034373,61259.75720000133,36960.355450236966
1741933659,100,,Aggregated,3.500000,3.500000,16000,60000,60000,60000,60000,61000,61000,61000,61000,61000,61000,211,180,16000.0,30299.758448341596,272.4633000034373,61259.75720000133,36960.355450236966
1741933660,100,,Aggregated,4.500000,4.500000,17000,60000,60000,60000,60000,61000,61000,61000,61000,61000,61000,214,180,16000.0,30117.846570561134,272.4633000034373,61259.75720000133,39923.509345794395
1741933661,100,,Aggregated,4.500000,4.500000,17000,60000,60000,60000,60000,61000,61000,61000,61000,61000,61000,214,180,16000.0,30117.846570561134,272.4633000034373,61259.75720000133,39923.509345794395
1741933662,100,,Aggregated,4.500000,4.200000,17000,60000,60000,60000,60000,61000,61000,61000,61000,61000,61000,215,180,17000.0,30177.640444651544,272.4633000034373,61259.75720000133,40889.38604651163
1741933663,100,,Aggregated,4.500000,4.200000,17000,60000,60000,60000,60000,61000,61000,61000,61000,61000,61000,215,180,17000.0,30177.640444651544,272.4633000034373,61259.75720000133,40889.38604651163
1741933664,100,,Aggregated,4.500000,4.200000,17000,60000,60000,60000,60000,61000,61000,61000,61000,61000,61000,215,180,17000.0,30177.640444651544,272.4633000034373,61259.75720000133,40889.38604651163
1741933665,100,,Aggregated,4.500000,4.200000,17000,60000,60000,60000,60000,61000,61000,61000,61000,61000,61000,215,180,17000.0,30177.640444651544,272.4633000034373,61259.75720000133,40889.38604651163
1741933666,100,,Aggregated,4.500000,4.200000,17000,60000,60000,60000,60000,61000,61000,61000,61000,61000,61000,215,180,17000.0,30177.640444651544,272.4633000034373,61259.75720000133,40889.38604651163
1741933667,100,,Aggregated,4.500000,4.200000,17000,60000,60000,60000,60000,61000,61000,61000,61000,61000,61000,215,180,17000.0,30177.640444651544,272.4633000034373,61259.75720000133,40889.38604651163
1741933668,100,,Aggregated,4.500000,4.200000,17000,60000,60000,60000,60000,61000,61000,61000,61000,61000,61000,215,180,17000.0,30177.640444651544,272.4633000034373,61259.75720000133,40889.38604651163
1741933669,100,,Aggregated,4.500000,4.200000,17000,60000,60000,60000,60000,61000,61000,61000,61000,61000,61000,215,180,17000.0,30177.640444651544,272.4633000034373,61259.75720000133,40889.38604651163
1741933670,100,,Aggregated,4.500000,4.200000,17000,60000,60000,60000,60000,61000,61000,61000,61000,61000,61000,215,180,17000.0,30177.640444651544,272.4633000034373,61259.75720000133,40889.38604651163
1741933671,100,,Aggregated,4.500000,4.200000,17000,60000,60000,60000,60000,61000,61000,61000,61000,61000,61000,215,180,17000.0,30177.640444651544,272.4633000034373,61259.75720000133,40889.38604651163
1741933672,100,,Aggregated,4.500000,4.200000,17000,60000,60000,60000,60000,61000,61000,61000,61000,61000,61000,215,180,17000.0,30177.640444651544,272.4633000034373,61259.75720000133,40889.38604651163
1741933673,100,,Aggregated,4.500000,4.200000,17000,60000,60000,60000,60000,61000,61000,61000,61000,61000,61000,215,180,17000.0,30177.640444651544,272.4633000034373,61259.75720000133,40889.38604651163
1741933674,100,,Aggregated,4.500000,4.200000,17000,60000,60000,60000,60000,61000,61000,61000,61000,61000,61000,215,180,17000.0,30177.640444651544,272.4633000034373,61259.75720000133,40889.38604651163
1741933675,100,,Aggregated,4.500000,4.200000,17000,60000,60000,60000,60000,61000,61000,61000,61000,61000,61000,215,180,17000.0,30177.640444651544,272.4633000034373,61259.75720000133,40889.38604651163
1741933676,100,,Aggregated,4.500000,4.200000,17000,60000,60000,60000,60000,61000,61000,61000,61000,61000,61000,215,180,17000.0,30177.640444651544,272.4633000034373,61259.75720000133,40889.38604651163
1741933677,100,,Aggregated,4.500000,4.200000,17000,60000,60000,60000,60000,61000,61000,61000,61000,61000,61000,215,180,17000.0,30177.640444651544,272.4633000034373,61259.75720000133,40889.38604651163
1741933678,100,,Aggregated,0.000000,0.000000,17000,60000,60000,60000,60000,61000,61000,61000,61000,61000,61000,216,180,17000.0,30134.853953704096,272.4633000034373,61259.75720000133,41846.319444444445
1741933679,100,,Aggregated,0.000000,0.000000,17000,60000,60000,60000,60000,61000,61000,61000,61000,61000,61000,218,180,17000.0,30054.701650459123,272.4633000034373,61259.75720000133,43744.10091743119
1741933680,100,,Aggregated,0.000000,0.000000,17000,60000,60000,60000,60000,61000,61000,61000,61000,61000,61000,218,180,17000.0,30054.701650459123,272.4633000034373,61259.75720000133,43744.10091743119
1741933681,100,,Aggregated,0.000000,0.000000,17000,60000,60000,60000,60000,61000,61000,61000,61000,61000,61000,218,180,17000.0,30054.701650459123,272.4633000034373,61259.75720000133,43744.10091743119
1741933682,100,,Aggregated,0.300000,0.000000,18000,60000,60000,60000,60000,60000,61000,61000,61000,61000,61000,222,180,18000.0,29879.973117567974,272.4633000034373,61259.75720000133,47427.01351351351
1741933683,100,,Aggregated,0.300000,0.000000,18000,60000,60000,60000,60000,60000,61000,61000,61000,61000,61000,222,180,18000.0,29879.973117567974,272.4633000034373,61259.75720000133,47427.01351351351
1741933684,100,,Aggregated,0.300000,0.000000,18000,60000,60000,60000,60000,60000,61000,61000,61000,61000,61000,222,180,18000.0,29879.973117567974,272.4633000034373,61259.75720000133,47427.01351351351
1741933685,100,,Aggregated,0.400000,0.000000,18000,60000,60000,60000,60000,60000,61000,61000,61000,61000,61000,223,180,18000.0,29754.590331390555,272.4633000034373,61259.75720000133,48324.591928251124
1741933686,100,,Aggregated,0.400000,0.000000,18000,60000,60000,60000,60000,60000,61000,61000,61000,61000,61000,223,180,18000.0,29754.590331390555,272.4633000034373,61259.75720000133,48324.591928251124
1741933687,100,,Aggregated,0.400000,0.000000,18000,60000,60000,60000,60000,60000,61000,61000,61000,61000,61000,223,180,18000.0,29754.590331390555,272.4633000034373,61259.75720000133,48324.591928251124
1741933688,100,,Aggregated,0.800000,0.000000,18000,60000,60000,60000,60000,60000,61000,61000,61000,61000,61000,224,180,17000.0,29647.333203571856,272.4633000034373,61259.75720000133,49224.13392857143
1741933689,100,,Aggregated,0.800000,0.000000,18000,60000,60000,60000,60000,60000,61000,61000,61000,61000,61000,224,180,17000.0,29647.333203571856,272.4633000034373,61259.75720000133,49224.13392857143
1741933690,100,,Aggregated,0.800000,0.000000,18000,60000,60000,60000,60000,60000,61000,61000,61000,61000,61000,224,180,17000.0,29647.333203571856,272.4633000034373,61259.75720000133,49224.13392857143
1741933691,100,,Aggregated,0.800000,0.000000,18000,60000,60000,60000,60000,60000,61000,61000,61000,61000,61000,224,180,17000.0,29647.333203571856,272.4633000034373,61259.75720000133,49224.13392857143
1741933692,100,,Aggregated,0.600000,0.000000,17000,60000,60000,60000,60000,60000,61000,61000,61000,61000,61000,225,180,17000.0,29559.725024000407,272.4633000034373,61259.75720000133,50115.68
1741933693,100,,Aggregated,0.600000,0.000000,17000,60000,60000,60000,60000,60000,61000,61000,61000,61000,61000,225,180,17000.0,29559.725024000407,272.4633000034373,61259.75720000133,50115.68
1741933694,100,,Aggregated,0.500000,0.000000,17000,60000,60000,60000,60000,60000,61000,61000,61000,61000,61000,228,180,17000.0,29275.46204561443,272.4633000034373,61259.75720000133,52733.59210526316
1741933695,100,,Aggregated,0.500000,0.000000,17000,60000,60000,60000,60000,60000,61000,61000,61000,61000,61000,229,180,17000.0,29174.216300000408,272.4633000034373,61259.75720000133,53594.240174672486
1741933696,100,,Aggregated,0.500000,0.000000,17000,60000,60000,60000,60000,60000,61000,61000,61000,61000,61000,229,180,17000.0,29174.216300000408,272.4633000034373,61259.75720000133,53594.240174672486
1741933697,100,,Aggregated,0.500000,0.000000,17000,60000,60000,60000,60000,60000,61000,61000,61000,61000,61000,229,180,17000.0,29174.216300000408,272.4633000034373,61259.75720000133,53594.240174672486
1741933698,100,,Aggregated,0.600000,0.000000,17000,60000,60000,60000,60000,60000,61000,61000,61000,61000,61000,232,183,17000.0,29574.984911638356,272.4633000034373,61259.75720000133,52901.21120689655
1741933699,100,,Aggregated,0.600000,0.000000,19000,60000,60000,60000,60000,60000,61000,61000,61000,61000,61000,242,191,18000.0,30735.949883058245,272.4633000034373,61259.75720000133,52761.384297520664
1741933700,100,,Aggregated,0.600000,0.000000,21000,60000,60000,60000,60000,60000,61000,61000,61000,61000,61000,253,199,21000.0,31860.23571660116,272.4633000034373,61259.75720000133,53429.72727272727
1741933701,100,,Aggregated,1.000000,0.500000,40000,60000,60000,60000,60000,60000,61000,61000,61000,61000,61000,261,205,40000.0,32529.980847509978,272.4633000034373,61259.75720000133,53706.42911877394
1741933702,100,,Aggregated,2.100000,1.300000,42000,60000,60000,60000,60000,60000,61000,61000,61000,61000,61000,264,208,41000.0,32843.858072727664,272.4633000034373,61259.75720000133,53096.128787878784
1741933703,100,,Aggregated,3.000000,1.900000,55000,60000,60000,60000,60000,60000,61000,61000,61000,61000,61000,270,213,45000.0,33394.30474037075,272.4633000034373,61259.75720000133,52841.48148148148
1741933704,100,,Aggregated,3.700000,2.500000,60000,60000,60000,60000,60000,60000,61000,61000,61000,61000,61000,281,220,60000.0,34275.700150178294,272.4633000034373,61259.75720000133,54329.138790035584
1741933705,100,,Aggregated,4.000000,2.900000,60000,60000,60000,60000,60000,60000,61000,61000,61000,61000,61000,283,222,60000.0,34458.42541307456,272.4633000034373,61259.75720000133,53945.18727915194
1741933706,100,,Aggregated,4.600000,3.400000,60000,60000,60000,60000,60000,60000,61000,61000,61000,61000,61000,285,223,60000.0,34626.66416666703,272.4633000034373,61259.75720000133,54435.39649122807
1741933707,100,,Aggregated,5.200000,4.000000,60000,60000,60000,60000,60000,60000,61000,61000,61000,61000,61000,290,223,57000.0,34911.46929896588,272.4633000034373,61259.75720000133,57796.64827586207
1741933708,100,,Aggregated,5.200000,4.000000,60000,60000,60000,60000,60000,60000,61000,61000,61000,61000,61000,290,223,57000.0,34911.46929896588,272.4633000034373,61259.75720000133,57796.64827586207
1741933709,100,,Aggregated,5.200000,4.000000,60000,60000,60000,60000,60000,60000,61000,61000,61000,61000,61000,290,223,57000.0,34911.46929896588,272.4633000034373,61259.75720000133,57796.64827586207
1741933710,100,,Aggregated,6.100000,4.300000,60000,60000,60000,60000,60000,60000,61000,61000,61000,61000,61000,292,225,60000.0,35084.30725308255,272.4633000034373,61259.75720000133,57400.78082191781
1741933711,100,,Aggregated,5.600000,3.800000,60000,60000,60000,60000,60000,60000,61000,61000,61000,61000,61000,295,228,60000.0,35339.289686102056,272.4633000034373,61259.75720000133,56817.04406779661
1741933712,100,,Aggregated,5.600000,3.800000,60000,60000,60000,60000,60000,60000,61000,61000,61000,61000,61000,295,228,60000.0,35339.289686102056,272.4633000034373,61259.75720000133,56817.04406779661
1741933713,100,,Aggregated,5.600000,3.800000,60000,60000,60000,60000,60000,60000,61000,61000,61000,61000,61000,295,228,60000.0,35339.289686102056,272.4633000034373,61259.75720000133,56817.04406779661
1741933714,100,,Aggregated,5.600000,3.800000,60000,60000,60000,60000,60000,60000,61000,61000,61000,61000,61000,295,228,60000.0,35339.289686102056,272.4633000034373,61259.75720000133,56817.04406779661
1741933715,100,,Aggregated,3.000000,1.900000,60000,60000,60000,60000,60000,60000,61000,61000,61000,61000,61000,296,229,60000.0,35423.111526689565,272.4633000034373,61259.75720000133,56625.09459459459
1741933716,100,,Aggregated,3.000000,1.900000,60000,60000,60000,60000,60000,60000,61000,61000,61000,61000,61000,296,229,60000.0,35423.111526689565,272.4633000034373,61259.75720000133,56625.09459459459
1741933717,100,,Aggregated,1.400000,0.800000,60000,60000,60000,60000,60000,60000,61000,61000,61000,61000,61000,304,237,60000.0,36074.02524111877,272.4633000034373,61259.75720000133,55134.96052631579
1741933718,100,,Aggregated,1.300000,0.700000,60000,60000,60000,60000,60000,60000,61000,61000,61000,61000,61000,309,242,60000.0,36463.64699223337,272.4633000034373,61259.75720000133,54242.809061488675
1741933719,100,,Aggregated,0.900000,0.600000,60000,60000,60000,60000,60000,60000,61000,61000,61000,61000,61000,312,245,60000.0,36691.405457051645,272.4633000034373,61259.75720000133,53721.243589743586
1741933721,100,,Aggregated,2.000000,2.000000,60000,60000,60000,60000,60000,60000,61000,61000,61000,61000,61000,319,252,60000.0,37207.64689905993,272.4633000034373,61259.75720000133,52542.40752351097
1741933722,100,,Aggregated,2.000000,2.000000,60000,60000,60000,60000,60000,60000,61000,61000,61000,61000,61000,322,255,60000.0,37421.45017981401,272.4633000034373,61259.75720000133,52052.88198757764
1741933723,100,,Aggregated,2.000000,2.000000,60000,60000,60000,60000,60000,60000,61000,61000,61000,61000,61000,322,255,60000.0,37421.45017981401,272.4633000034373,61259.75720000133,52052.88198757764
1741933724,100,,Aggregated,2.000000,2.000000,60000,60000,60000,60000,60000,60000,61000,61000,61000,61000,61000,322,255,60000.0,37421.45017981401,272.4633000034373,61259.75720000133,52052.88198757764
1741933725,100,,Aggregated,2.000000,2.000000,60000,60000,60000,60000,60000,60000,61000,61000,61000,61000,61000,322,255,60000.0,37421.45017981401,272.4633000034373,61259.75720000133,52052.88198757764
1741933726,100,,Aggregated,2.700000,2.700000,60000,60000,60000,60000,60000,60000,61000,61000,61000,61000,61000,323,256,60000.0,37491.39359566597,272.4633000034373,61259.75720000133,51891.72755417957
1741933727,100,,Aggregated,2.700000,2.700000,60000,60000,60000,60000,60000,60000,61000,61000,61000,61000,61000,323,256,60000.0,37491.39359566597,272.4633000034373,61259.75720000133,51891.72755417957
1741933728,100,,Aggregated,2.700000,2.700000,60000,60000,60000,60000,60000,60000,61000,61000,61000,61000,61000,323,256,60000.0,37491.39359566597,272.4633000034373,61259.75720000133,51891.72755417957
1741933729,100,,Aggregated,2.700000,2.700000,60000,60000,60000,60000,60000,60000,61000,61000,61000,61000,61000,323,256,60000.0,37491.39359566597,272.4633000034373,61259.75720000133,51891.72755417957
1741933730,100,,Aggregated,2.700000,2.700000,60000,60000,60000,60000,60000,60000,61000,61000,61000,61000,61000,323,256,60000.0,37491.39359566597,272.4633000034373,61259.75720000133,51891.72755417957
1741933731,100,,Aggregated,2.700000,2.700000,60000,60000,60000,60000,60000,60000,61000,61000,61000,61000,61000,323,256,60000.0,37491.39359566597,272.4633000034373,61259.75720000133,51891.72755417957
1741933732,100,,Aggregated,2.700000,2.700000,60000,60000,60000,60000,60000,60000,61000,61000,61000,61000,61000,323,256,60000.0,37491.39359566597,272.4633000034373,61259.75720000133,51891.72755417957
1741933733,100,,Aggregated,2.700000,2.700000,60000,60000,60000,60000,60000,60000,61000,61000,61000,61000,61000,323,256,60000.0,37491.39359566597,272.4633000034373,61259.75720000133,51891.72755417957
1741933734,100,,Aggregated,2.700000,2.700000,60000,60000,60000,60000,60000,60000,61000,61000,61000,61000,61000,323,256,60000.0,37491.39359566597,272.4633000034373,61259.75720000133,51891.72755417957
1741933735,100,,Aggregated,2.700000,2.700000,60000,60000,60000,60000,60000,60000,61000,61000,61000,61000,61000,323,256,60000.0,37491.39359566597,272.4633000034373,61259.75720000133,51891.72755417957
1741933736,100,,Aggregated,2.700000,2.700000,60000,60000,60000,60000,60000,60000,61000,61000,61000,61000,61000,323,256,60000.0,37491.39359566597,272.4633000034373,61259.75720000133,51891.72755417957
1741933737,100,,Aggregated,2.700000,2.700000,60000,60000,60000,60000,60000,60000,61000,61000,61000,61000,61000,323,256,60000.0,37491.39359566597,272.4633000034373,61259.75720000133,51891.72755417957
1741933738,100,,Aggregated,2.700000,2.700000,60000,60000,60000,60000,60000,60000,61000,61000,61000,61000,61000,323,256,60000.0,37491.39359566597,272.4633000034373,61259.75720000133,51891.72755417957
1741933739,100,,Aggregated,2.700000,2.700000,60000,60000,60000,60000,60000,60000,61000,61000,61000,61000,61000,323,256,60000.0,37491.39359566597,272.4633000034373,61259.75720000133,51891.72755417957
1741933740,100,,Aggregated,2.700000,2.700000,60000,60000,60000,60000,60000,60000,61000,61000,61000,61000,61000,323,256,60000.0,37491.39359566597,272.4633000034373,61259.75720000133,51891.72755417957
1741933741,100,,Aggregated,2.700000,2.700000,60000,60000,60000,60000,60000,60000,61000,61000,61000,61000,61000,323,256,60000.0,37491.39359566597,272.4633000034373,61259.75720000133,51891.72755417957
1741933742,100,,Aggregated,2.700000,2.700000,60000,60000,60000,60000,60000,60000,61000,61000,61000,61000,61000,323,256,60000.0,37491.39359566597,272.4633000034373,61259.75720000133,51891.72755417957
1741933743,100,,Aggregated,2.700000,2.700000,60000,60000,60000,60000,60000,60000,61000,61000,61000,61000,61000,323,256,60000.0,37491.39359566597,272.4633000034373,61259.75720000133,51891.72755417957
1741933744,100,,Aggregated,0.000000,0.000000,60000,60000,60000,60000,60000,60000,61000,61000,61000,61000,61000,324,257,60000.0,37432.08375092625,272.4633000034373,61259.75720000133,51751.055555555555
1741933745,100,,Aggregated,0.000000,0.000000,60000,60000,60000,60000,60000,60000,61000,61000,61000,61000,61000,324,257,60000.0,37432.08375092625,272.4633000034373,61259.75720000133,51751.055555555555
1741933746,100,,Aggregated,0.100000,0.100000,60000,60000,60000,60000,60000,60000,61000,61000,61000,61000,61000,325,258,60000.0,37501.56606615416,272.4633000034373,61259.75720000133,51591.82153846154
1741933747,100,,Aggregated,0.100000,0.100000,60000,60000,60000,60000,60000,60000,61000,61000,61000,61000,61000,325,258,60000.0,37501.56606615416,272.4633000034373,61259.75720000133,51591.82153846154
1741933748,100,,Aggregated,0.100000,0.100000,60000,60000,60000,60000,60000,60000,61000,61000,61000,61000,61000,325,258,60000.0,37501.56606615416,272.4633000034373,61259.75720000133,51591.82153846154
1741933749,100,,Aggregated,0.100000,0.100000,60000,60000,60000,60000,60000,60000,61000,61000,61000,61000,61000,325,258,60000.0,37501.56606615416,272.4633000034373,61259.75720000133,51591.82153846154
1741933750,100,,Aggregated,0.100000,0.100000,60000,60000,60000,60000,60000,60000,61000,61000,61000,61000,61000,325,258,60000.0,37501.56606615416,272.4633000034373,61259.75720000133,51591.82153846154
1741933751,100,,Aggregated,0.100000,0.100000,60000,60000,60000,60000,60000,60000,61000,61000,61000,61000,61000,325,258,60000.0,37501.56606615416,272.4633000034373,61259.75720000133,51591.82153846154
1741933752,100,,Aggregated,0.100000,0.100000,60000,60000,60000,60000,60000,60000,61000,61000,61000,61000,61000,325,258,60000.0,37501.56606615416,272.4633000034373,61259.75720000133,51591.82153846154
1741933753,100,,Aggregated,0.100000,0.100000,60000,60000,60000,60000,60000,60000,61000,61000,61000,61000,61000,325,258,60000.0,37501.56606615416,272.4633000034373,61259.75720000133,51591.82153846154
1741933754,100,,Aggregated,0.100000,0.100000,60000,60000,60000,60000,60000,60000,61000,61000,61000,61000,61000,325,258,60000.0,37501.56606615416,272.4633000034373,61259.75720000133,51591.82153846154
1741933755,100,,Aggregated,0.100000,0.100000,60000,60000,60000,60000,60000,60000,61000,61000,61000,61000,61000,325,258,60000.0,37501.56606615416,272.4633000034373,61259.75720000133,51591.82153846154
1741933756,100,,Aggregated,0.100000,0.100000,60000,60000,60000,60000,60000,60000,61000,61000,61000,61000,61000,325,258,60000.0,37501.56606615416,272.4633000034373,61259.75720000133,51591.82153846154
1741933757,100,,Aggregated,0.100000,0.100000,60000,60000,60000,60000,60000,60000,61000,61000,61000,61000,61000,326,259,60000.0,37570.622514724244,272.4633000034373,61259.75720000133,51433.56441717791
1741933758,100,,Aggregated,0.100000,0.100000,60000,60000,60000,60000,60000,60000,61000,61000,61000,61000,61000,331,264,60000.0,37870.71754682813,272.4633000034373,61259.75720000133,50662.32628398792
1741933759,100,,Aggregated,0.100000,0.100000,60000,60000,60000,60000,60000,60000,61000,61000,61000,61000,61000,332,265,60000.0,37937.41532530154,272.4633000034373,61259.75720000133,50509.72891566265
1741933760,100,,Aggregated,0.100000,0.100000,60000,60000,60000,60000,60000,60000,61000,61000,61000,61000,61000,332,265,60000.0,37937.41532530154,272.4633000034373,61259.75720000133,50509.72891566265
1741933761,100,,Aggregated,0.100000,0.100000,60000,60000,60000,60000,60000,60000,61000,61000,61000,61000,61000,332,265,60000.0,37937.41532530154,272.4633000034373,61259.75720000133,50509.72891566265
1741933762,100,,Aggregated,0.700000,0.700000,60000,60000,60000,60000,60000,60000,61000,61000,61000,61000,61000,334,267,60000.0,38070.48899491051,272.4633000034373,61259.75720000133,50207.2754491018
1741933763,100,,Aggregated,0.700000,0.700000,60000,60000,60000,60000,60000,60000,61000,61000,61000,61000,61000,340,273,60000.0,38464.53443117676,272.4633000034373,61275.49569999974,49321.26470588235
1741933764,100,,Aggregated,0.700000,0.700000,60000,60000,60000,60000,60000,60000,61000,61000,61000,61000,61000,348,281,60000.0,38971.861154023245,272.4633000034373,61275.49569999974,48187.442528735635
1741933765,100,,Aggregated,0.900000,0.900000,60000,60000,60000,60000,60000,60000,61000,61000,61000,61000,61000,358,291,60000.0,39562.546500000215,272.4633000034373,61275.49569999974,46841.42458100559
1741933766,100,,Aggregated,1.900000,1.900000,60000,60000,60000,60000,60000,60000,61000,61000,61000,61000,61000,363,296,60000.0,39847.25249146027,272.4633000034373,61275.49569999974,46196.225895316806
1741933767,100,,Aggregated,3.000000,3.000000,60000,60000,60000,60000,60000,60000,61000,61000,61000,61000,61000,367,300,60000.0,40069.49765776587,272.4633000034373,61275.49569999974,45692.72479564033
1741933768,100,,Aggregated,3.500000,3.500000,60000,60000,60000,60000,60000,60000,61000,61000,61000,61000,61000,379,312,60000.0,40707.61366965716,272.4633000034373,61275.49569999974,44245.98944591029
1741933769,100,,Aggregated,3.700000,3.700000,60000,60000,60000,60000,60000,60000,61000,61000,61000,61000,61000,383,316,60000.0,40910.38717650146,272.4633000034373,61275.49569999974,43783.89033942559
1741933770,100,,Aggregated,4.200000,4.200000,60000,60000,60000,60000,60000,60000,61000,61000,61000,61000,61000,384,317,60000.0,40960.48946432308,272.4633000034373,61275.49569999974,43669.869791666664
1741933771,100,,Aggregated,4.900000,4.900000,60000,60000,60000,60000,60000,60000,61000,61000,65000,65000,65000,389,322,60000.0,41218.86605218526,272.4633000034373,65251.66330000502,43108.56041131105
1741933772,100,,Aggregated,4.900000,4.900000,60000,60000,60000,60000,60000,60000,61000,61000,65000,65000,65000,391,324,60000.0,41315.02501355517,272.4633000034373,65251.66330000502,42888.056265984655
1741933773,100,,Aggregated,4.900000,4.900000,60000,60000,60000,60000,60000,60000,61000,61000,65000,65000,65000,391,324,60000.0,41315.02501355517,272.4633000034373,65251.66330000502,42888.056265984655
1741933774,100,,Aggregated,4.900000,4.900000,60000,60000,60000,60000,60000,60000,61000,61000,65000,65000,65000,391,324,60000.0,41315.02501355517,272.4633000034373,65251.66330000502,42888.056265984655
1741933775,100,,Aggregated,5.900000,5.900000,60000,60000,60000,60000,60000,60000,61000,61000,65000,65000,65000,392,325,60000.0,41363.81433214303,272.4633000034373,65251.66330000502,42778.647959183676
1741933776,100,,Aggregated,5.700000,5.700000,60000,60000,60000,60000,60000,61000,61000,61000,65000,65000,65000,396,329,60000.0,41558.45501363652,272.4633000034373,65251.66330000502,42346.5404040404
1741933777,100,,Aggregated,5.700000,5.700000,60000,60000,60000,60000,60000,61000,61000,61000,65000,65000,65000,396,329,60000.0,41558.45501363652,272.4633000034373,65251.66330000502,42346.5404040404
1741933778,100,,Aggregated,5.700000,5.700000,60000,60000,60000,60000,60000,61000,61000,61000,65000,65000,65000,396,329,60000.0,41558.45501363652,272.4633000034373,65251.66330000502,42346.5404040404
1741933779,100,,Aggregated,3.300000,3.300000,60000,60000,60000,60000,60000,61000,61000,61000,65000,65000,65000,397,330,60000.0,41605.35053853919,272.4633000034373,65251.66330000502,42239.87405541562
1741933780,100,,Aggregated,3.300000,3.300000,60000,60000,60000,60000,60000,61000,61000,61000,65000,65000,65000,397,330,60000.0,41605.35053853919,272.4633000034373,65251.66330000502,42239.87405541562
1741933781,100,,Aggregated,3.300000,3.300000,60000,60000,60000,60000,60000,61000,61000,61000,65000,65000,65000,397,330,60000.0,41605.35053853919,272.4633000034373,65251.66330000502,42239.87405541562
1741933782,100,,Aggregated,1.400000,1.400000,60000,60000,60000,60000,60000,61000,61000,61000,65000,65000,65000,405,338,60000.0,41973.74247358042,272.4633000034373,65251.66330000502,41405.50617283951
1741933783,100,,Aggregated,0.900000,0.900000,60000,60000,60000,60000,60000,61000,61000,61000,65000,65000,65000,409,342,60000.0,42154.822703912134,272.4633000034373,65251.66330000502,41000.562347188265
1741933784,100,,Aggregated,0.900000,0.900000,60000,60000,60000,60000,60000,61000,61000,61000,65000,65000,65000,411,344,60000.0,42250.278566666806,272.4633000034373,65251.66330000502,40801.04622871046
1741933785,100,,Aggregated,1.500000,1.500000,60000,60000,60000,60000,60000,61000,61000,62000,65000,65000,65000,417,350,60000.0,42524.540049400646,272.4633000034373,65251.66330000502,40213.98081534772
1741933786,100,,Aggregated,2.000000,2.000000,60000,60000,60000,60000,60000,61000,61000,62000,65000,65000,65000,420,353,60000.0,42658.260535952555,272.4633000034373,65251.66330000502,39926.73809523809
1741933787,100,,Aggregated,1.900000,1.900000,60000,60000,60000,60000,60000,61000,61000,62000,65000,65000,65000,421,354,60000.0,42704.12518812368,272.4633000034373,65251.66330000502,39831.90023752969
1741933788,100,,Aggregated,1.900000,1.900000,60000,60000,60000,60000,60000,61000,61000,62000,65000,65000,65000,421,354,60000.0,42704.12518812368,272.4633000034373,65251.66330000502,39831.90023752969
1741933789,100,,Aggregated,1.900000,1.900000,60000,60000,60000,60000,60000,61000,61000,62000,65000,65000,65000,421,354,60000.0,42704.12518812368,272.4633000034373,65251.66330000502,39831.90023752969
1741933790,100,,Aggregated,2.500000,2.500000,60000,60000,60000,60000,60000,61000,61000,62000,65000,65000,65000,423,356,60000.0,42798.6728078016,272.4633000034373,65251.66330000502,39643.56973995272
1741933791,100,,Aggregated,2.500000,2.500000,60000,60000,60000,60000,60000,61000,61000,62000,65000,65000,65000,423,356,60000.0,42798.6728078016,272.4633000034373,65251.66330000502,39643.56973995272
1741933792,100,,Aggregated,2.500000,2.500000,60000,60000,60000,60000,60000,61000,61000,62000,65000,65000,65000,423,356,60000.0,42798.6728078016,272.4633000034373,65251.66330000502,39643.56973995272
1741933793,100,,Aggregated,2.500000,2.500000,60000,60000,60000,60000,60000,61000,61000,62000,65000,65000,65000,423,356,60000.0,42798.6728078016,272.4633000034373,65251.66330000502,39643.56973995272
1741933794,100,,Aggregated,2.500000,2.500000,60000,60000,60000,60000,60000,61000,61000,62000,65000,65000,65000,423,356,60000.0,42798.6728078016,272.4633000034373,65251.66330000502,39643.56973995272
1741933795,100,,Aggregated,2.500000,2.500000,60000,60000,60000,60000,60000,61000,61000,62000,65000,65000,65000,423,356,60000.0,42798.6728078016,272.4633000034373,65251.66330000502,39643.56973995272
1741933796,100,,Aggregated,2.500000,2.500000,60000,60000,60000,60000,60000,61000,61000,62000,65000,65000,65000,423,356,60000.0,42798.6728078016,272.4633000034373,65251.66330000502,39643.56973995272
1741933797,100,,Aggregated,2.500000,2.500000,60000,60000,60000,60000,60000,61000,61000,62000,65000,65000,65000,423,356,60000.0,42798.6728078016,272.4633000034373,65251.66330000502,39643.56973995272
1741933798,100,,Aggregated,2.500000,2.500000,60000,60000,60000,60000,60000,61000,61000,62000,65000,65000,65000,423,356,60000.0,42798.6728078016,272.4633000034373,65251.66330000502,39643.56973995272
1741933799,100,,Aggregated,2.500000,2.500000,60000,60000,60000,60000,60000,61000,61000,62000,65000,65000,65000,423,356,60000.0,42798.6728078016,272.4633000034373,65251.66330000502,39643.56973995272
1741933800,100,,Aggregated,2.500000,2.500000,60000,60000,60000,60000,60000,61000,61000,62000,65000,65000,65000,423,356,60000.0,42798.6728078016,272.4633000034373,65251.66330000502,39643.56973995272
1741933801,100,,Aggregated,2.500000,2.500000,60000,60000,60000,60000,60000,61000,61000,62000,65000,65000,65000,423,356,60000.0,42798.6728078016,272.4633000034373,65251.66330000502,39643.56973995272
1741933802,100,,Aggregated,2.500000,2.500000,60000,60000,60000,60000,60000,61000,61000,62000,65000,65000,65000,423,356,60000.0,42798.6728078016,272.4633000034373,65251.66330000502,39643.56973995272
1741933803,100,,Aggregated,2.500000,2.500000,60000,60000,60000,60000,60000,61000,61000,62000,65000,65000,65000,423,356,60000.0,42798.6728078016,272.4633000034373,65251.66330000502,39643.56973995272
1741933804,100,,Aggregated,2.500000,2.500000,60000,60000,60000,60000,60000,61000,61000,62000,65000,65000,65000,423,356,60000.0,42798.6728078016,272.4633000034373,65251.66330000502,39643.56973995272
1741933805,100,,Aggregated,2.500000,2.500000,60000,60000,60000,60000,60000,61000,61000,62000,65000,65000,65000,423,356,60000.0,42798.6728078016,272.4633000034373,65251.66330000502,39643.56973995272
1741933806,100,,Aggregated,2.500000,2.500000,60000,60000,60000,60000,60000,61000,61000,62000,65000,65000,65000,423,356,60000.0,42798.6728078016,272.4633000034373,65251.66330000502,39643.56973995272
1741933807,100,,Aggregated,0.000000,0.000000,60000,60000,60000,60000,60000,61000,61000,62000,65000,65000,65000,424,357,60000.0,42839.27527995301,272.4633000034373,65251.66330000502,39550.07075471698
1741933808,100,,Aggregated,0.000000,0.000000,60000,60000,60000,60000,60000,61000,61000,62000,65000,65000,65000,424,357,60000.0,42839.27527995301,272.4633000034373,65251.66330000502,39550.07075471698
1741933809,100,,Aggregated,0.000000,0.000000,60000,60000,60000,60000,60000,61000,61000,62000,65000,65000,65000,424,357,60000.0,42839.27527995301,272.4633000034373,65251.66330000502,39550.07075471698
1741933810,100,,Aggregated,0.100000,0.100000,60000,60000,60000,60000,60000,61000,61000,62000,65000,65000,65000,425,358,60000.0,42880.291917176655,272.4633000034373,65251.66330000502,39457.01176470588
1741933812,100,,Aggregated,0.100000,0.100000,60000,60000,60000,60000,60000,61000,61000,62000,65000,65000,65000,425,358,60000.0,42880.291917176655,272.4633000034373,65251.66330000502,39457.01176470588
1741933813,100,,Aggregated,0.100000,0.100000,60000,60000,60000,60000,60000,61000,61000,62000,65000,65000,65000,425,358,60000.0,42880.291917176655,272.4633000034373,65251.66330000502,39457.01176470588
1741933814,100,,Aggregated,0.100000,0.100000,60000,60000,60000,60000,60000,61000,61000,62000,65000,65000,65000,425,358,60000.0,42880.291917176655,272.4633000034373,65251.66330000502,39457.01176470588
1741933815,100,,Aggregated,0.100000,0.100000,60000,60000,60000,60000,60000,61000,61000,62000,65000,65000,65000,425,358,60000.0,42880.291917176655,272.4633000034373,65251.66330000502,39457.01176470588
1741933816,100,,Aggregated,0.100000,0.100000,60000,60000,60000,60000,60000,61000,61000,62000,65000,65000,65000,425,358,60000.0,42880.291917176655,272.4633000034373,65251.66330000502,39457.01176470588
1741933817,100,,Aggregated,0.100000,0.100000,60000,60000,60000,60000,60000,61000,61000,62000,65000,65000,65000,425,358,60000.0,42880.291917176655,272.4633000034373,65251.66330000502,39457.01176470588
1741933818,100,,Aggregated,0.100000,0.100000,60000,60000,60000,60000,60000,61000,61000,62000,65000,65000,65000,425,358,60000.0,42880.291917176655,272.4633000034373,65251.66330000502,39457.01176470588
1741933819,100,,Aggregated,0.100000,0.100000,60000,60000,60000,60000,60000,61000,61000,62000,65000,65000,65000,425,358,60000.0,42880.291917176655,272.4633000034373,65251.66330000502,39457.01176470588
1741933820,100,,Aggregated,0.100000,0.100000,60000,60000,60000,60000,60000,61000,61000,62000,65000,65000,65000,425,358,60000.0,42880.291917176655,272.4633000034373,65251.66330000502,39457.01176470588
1741933821,100,,Aggregated,0.100000,0.100000,60000,60000,60000,60000,60000,61000,61000,62000,65000,65000,65000,426,359,60000.0,42920.79911220677,272.4633000034373,65251.66330000502,39364.3896713615
1741933822,100,,Aggregated,0.100000,0.100000,60000,60000,60000,60000,60000,61000,61000,62000,65000,65000,65000,428,361,60000.0,43000.6854313086,272.4633000034373,65251.66330000502,39180.443925233645
1741933823,100,,Aggregated,0.100000,0.100000,60000,60000,60000,60000,60000,61000,61000,62000,65000,65000,65000,431,364,60000.0,43120.02429884009,272.4633000034373,65251.66330000502,38907.72621809745
1741933824,100,,Aggregated,0.100000,0.100000,60000,60000,60000,60000,60000,61000,61000,62000,65000,65000,65000,432,365,60000.0,43159.47696898166,272.4633000034373,65251.66330000502,38817.66203703704
1741933825,100,,Aggregated,0.100000,0.100000,60000,60000,60000,60000,60000,61000,61000,62000,65000,65000,65000,432,365,60000.0,43159.47696898166,272.4633000034373,65251.66330000502,38817.66203703704
1741933826,100,,Aggregated,0.100000,0.100000,60000,60000,60000,60000,60000,61000,61000,62000,65000,65000,65000,432,365,60000.0,43159.47696898166,272.4633000034373,65251.66330000502,38817.66203703704
1741933827,100,,Aggregated,0.700000,0.700000,60000,60000,60000,60000,60000,61000,61000,62000,65000,65000,65000,434,367,60000.0,43237.83853041492,272.4633000034373,65251.66330000502,38638.77880184332
1741933828,100,,Aggregated,0.700000,0.700000,60000,60000,60000,60000,60000,61000,61000,62000,65000,65000,65000,444,377,60000.0,43618.80463918935,272.4633000034373,65251.66330000502,37768.536036036036
1741933829,100,,Aggregated,0.900000,0.900000,60000,60000,60000,60000,60000,61000,61000,62000,65000,65000,65000,455,388,60000.0,44018.19418175839,272.4633000034373,65251.66330000502,36855.45054945055
1741933830,100,,Aggregated,0.900000,0.900000,60000,60000,60000,60000,60000,61000,61000,62000,65000,65000,65000,460,393,60000.0,44193.56158260886,272.4633000034373,65251.66330000502,36454.84782608696
1741933831,100,,Aggregated,1.800000,1.800000,60000,60000,60000,60000,60000,61000,61000,62000,65000,65000,65000,463,396,60000.0,44296.895276458046,272.4633000034373,65251.66330000502,36218.639308855294
1741933832,100,,Aggregated,3.500000,3.500000,60000,60000,60000,60000,60000,61000,61000,62000,65000,65000,65000,470,403,60000.0,44533.00050319166,272.4633000034373,65251.66330000502,35679.21276595745
1741933833,100,,Aggregated,3.700000,3.700000,60000,60000,60000,60000,60000,61000,61000,62000,65000,65000,65000,481,414,60000.0,44890.02630935565,272.4633000034373,65251.66330000502,34863.26403326404
1741933834,100,,Aggregated,3.700000,3.700000,60000,60000,60000,60000,60000,61000,61000,62000,65000,65000,65000,483,416,60000.0,44953.224375362464,272.4633000034373,65251.66330000502,34718.90269151139
1741933835,100,,Aggregated,4.900000,4.900000,60000,60000,60000,60000,60000,61000,61000,62000,65000,65000,65000,488,421,60000.0,45108.858532991966,272.4633000034373,65251.66330000502,34363.17622950819
1741933836,100,,Aggregated,4.900000,4.900000,60000,60000,60000,60000,60000,61000,61000,62000,65000,65000,65000,491,424,60000.0,45200.7495093688,272.4633000034373,65251.66330000502,34153.21792260693
1741933837,100,,Aggregated,4.900000,4.900000,60000,60000,60000,60000,60000,61000,61000,62000,65000,65000,65000,491,424,60000.0,45200.7495093688,272.4633000034373,65251.66330000502,34153.21792260693
1741933838,100,,Aggregated,4.900000,4.900000,60000,60000,60000,60000,60000,61000,61000,62000,65000,65000,65000,491,424,60000.0,45200.7495093688,272.4633000034373,65251.66330000502,34153.21792260693
1741933839,100,,Aggregated,5.900000,5.900000,60000,60000,60000,60000,60000,61000,61000,62000,65000,65000,65000,492,425,60000.0,45231.10874857739,272.4633000034373,65251.66330000502,34083.80081300813
1741933840,100,,Aggregated,4.800000,4.800000,60000,60000,60000,60000,60000,61000,61000,62000,65000,65000,65000,496,429,60000.0,45351.345275201755,272.4633000034373,65251.66330000502,33808.9314516129
1741933841,100,,Aggregated,4.800000,4.800000,60000,60000,60000,60000,60000,61000,61000,62000,65000,65000,65000,496,429,60000.0,45351.345275201755,272.4633000034373,65251.66330000502,33808.9314516129
1741933842,100,,Aggregated,4.800000,4.800000,60000,60000,60000,60000,60000,61000,61000,62000,65000,65000,65000,496,429,60000.0,45351.345275201755,272.4633000034373,65251.66330000502,33808.9314516129
1741933843,100,,Aggregated,4.800000,4.800000,60000,60000,60000,60000,60000,61000,61000,62000,65000,65000,65000,496,429,60000.0,45351.345275201755,272.4633000034373,65251.66330000502,33808.9314516129
1741933844,100,,Aggregated,3.300000,3.300000,60000,60000,60000,60000,60000,61000,61000,62000,65000,65000,65000,497,430,60000.0,45381.12177283716,272.4633000034373,65251.66330000502,33740.90543259557
1741933845,100,,Aggregated,3.300000,3.300000,60000,60000,60000,60000,60000,61000,61000,62000,65000,65000,65000,497,430,60000.0,45381.12177283716,272.4633000034373,65251.66330000502,33740.90543259557
1741933846,100,,Aggregated,1.400000,1.400000,60000,60000,60000,60000,60000,61000,61000,62000,65000,65000,65000,502,435,60000.0,45528.19513207186,272.4633000034373,65251.66330000502,33404.8406374502
1741933847,100,,Aggregated,1.100000,1.100000,60000,60000,60000,60000,60000,61000,61000,62000,65000,65000,65000,506,439,60000.0,45643.76371284599,272.4633000034373,65251.66330000502,33140.770750988144
1741933848,100,,Aggregated,1.100000,1.100000,60000,60000,60000,60000,60000,61000,61000,62000,65000,65000,65000,511,444,60000.0,45785.73615557746,272.4633000034373,65251.66330000502,32816.49706457926
1741933849,100,,Aggregated,1.100000,1.100000,60000,60000,60000,60000,60000,61000,61000,62000,65000,65000,65000,511,444,60000.0,45785.73615557746,272.4633000034373,65251.66330000502,32816.49706457926
1741933850,100,,Aggregated,2.000000,2.000000,60000,60000,60000,60000,60000,61000,61000,62000,65000,65000,65000,520,453,60000.0,46034.28270807706,272.4633000034373,65251.66330000502,32248.51923076923
1741933851,100,,Aggregated,1.900000,1.900000,60000,60000,60000,60000,60000,61000,61000,62000,65000,65000,65000,521,454,60000.0,46061.386139155606,272.4633000034373,65251.66330000502,32186.621880998082
1741933852,100,,Aggregated,1.900000,1.900000,60000,60000,60000,60000,60000,61000,61000,62000,65000,65000,65000,521,454,60000.0,46061.386139155606,272.4633000034373,65251.66330000502,32186.621880998082
1741933853,100,,Aggregated,1.900000,1.900000,60000,60000,60000,60000,60000,61000,61000,62000,65000,65000,65000,521,454,60000.0,46061.386139155606,272.4633000034373,65251.66330000502,32186.621880998082
1741933854,100,,Aggregated,1.900000,1.900000,60000,60000,60000,60000,60000,61000,61000,62000,65000,65000,65000,521,454,60000.0,46061.386139155606,272.4633000034373,65251.66330000502,32186.621880998082
1741933855,100,,Aggregated,2.500000,2.500000,60000,60000,60000,60000,60000,61000,61000,62000,65000,65000,65000,523,456,60000.0,46115.26669483761,272.4633000034373,65251.66330000502,32063.53728489484
1741933856,100,,Aggregated,2.500000,2.500000,60000,60000,60000,60000,60000,61000,61000,62000,65000,65000,65000,523,456,60000.0,46115.26669483761,272.4633000034373,65251.66330000502,32063.53728489484
1741933857,100,,Aggregated,2.500000,2.500000,60000,60000,60000,60000,60000,61000,61000,62000,65000,65000,65000,523,456,60000.0,46115.26669483761,272.4633000034373,65251.66330000502,32063.53728489484
1741933858,100,,Aggregated,2.500000,2.500000,60000,60000,60000,60000,60000,61000,61000,62000,65000,65000,65000,523,456,60000.0,46115.26669483761,272.4633000034373,65251.66330000502,32063.53728489484
1741933859,100,,Aggregated,2.500000,2.500000,60000,60000,60000,60000,60000,61000,61000,62000,65000,65000,65000,523,456,60000.0,46115.26669483761,272.4633000034373,65251.66330000502,32063.53728489484
1741933860,100,,Aggregated,2.500000,2.500000,60000,60000,60000,60000,60000,61000,61000,62000,65000,65000,65000,523,456,60000.0,46115.26669483761,272.4633000034373,65251.66330000502,32063.53728489484
1741933861,100,,Aggregated,2.500000,2.500000,60000,60000,60000,60000,60000,61000,61000,62000,65000,65000,65000,523,456,60000.0,46115.26669483761,272.4633000034373,65251.66330000502,32063.53728489484
1741933862,100,,Aggregated,2.500000,2.500000,60000,60000,60000,60000,60000,61000,61000,62000,65000,65000,65000,523,456,60000.0,46115.26669483761,272.4633000034373,65251.66330000502,32063.53728489484
1741933863,100,,Aggregated,2.500000,2.500000,60000,60000,60000,60000,60000,61000,61000,62000,65000,65000,65000,523,456,60000.0,46115.26669483761,272.4633000034373,65251.66330000502,32063.53728489484
1741933864,100,,Aggregated,2.500000,2.500000,60000,60000,60000,60000,60000,61000,61000,62000,65000,65000,65000,523,456,60000.0,46115.26669483761,272.4633000034373,65251.66330000502,32063.53728489484
1741933865,100,,Aggregated,2.500000,2.500000,60000,60000,60000,60000,60000,61000,61000,62000,65000,65000,65000,523,456,60000.0,46115.26669483761,272.4633000034373,65251.66330000502,32063.53728489484
1741933866,100,,Aggregated,2.500000,2.500000,60000,60000,60000,60000,60000,61000,61000,62000,65000,65000,65000,523,456,60000.0,46115.26669483761,272.4633000034373,65251.66330000502,32063.53728489484
1741933867,100,,Aggregated,2.500000,2.500000,60000,60000,60000,60000,60000,61000,61000,62000,65000,65000,65000,523,456,60000.0,46115.26669483761,272.4633000034373,65251.66330000502,32063.53728489484
1741933868,100,,Aggregated,2.500000,2.500000,60000,60000,60000,60000,60000,61000,61000,62000,65000,65000,65000,523,456,60000.0,46115.26669483761,272.4633000034373,65251.66330000502,32063.53728489484
1741933869,100,,Aggregated,2.500000,2.500000,60000,60000,60000,60000,60000,61000,61000,62000,65000,65000,65000,523,456,60000.0,46115.26669483761,272.4633000034373,65251.66330000502,32063.53728489484
1741933870,100,,Aggregated,2.500000,2.500000,60000,60000,60000,60000,60000,61000,61000,62000,65000,65000,65000,523,456,60000.0,46115.26669483761,272.4633000034373,65251.66330000502,32063.53728489484
1741933871,99,,Aggregated,0.000000,0.000000,60000,60000,60000,60000,60000,61000,61000,62000,65000,65000,65000,524,457,60000.0,46142.05249083983,272.4633000034373,65251.66330000502,32002.347328244276
1741933872,99,,Aggregated,0.000000,0.000000,60000,60000,60000,60000,60000,61000,61000,62000,65000,65000,65000,524,457,60000.0,46142.05249083983,272.4633000034373,65251.66330000502,32002.347328244276
1741933873,99,,Aggregated,0.000000,0.000000,60000,60000,60000,60000,60000,61000,61000,62000,65000,65000,65000,524,457,60000.0,46142.05249083983,272.4633000034373,65251.66330000502,32002.347328244276
1741933874,99,,Aggregated,0.000000,0.000000,60000,60000,60000,60000,60000,61000,61000,62000,65000,65000,65000,524,457,60000.0,46142.05249083983,272.4633000034373,65251.66330000502,32002.347328244276
